USE [master]
GO
/****** Object:  Database [QLBAIGUIXE]    Script Date: 14/06/2025 04:17:42 ******/
CREATE DATABASE [QLBAIGUIXE]
 CONTAINMENT = NONE
 ON  PRIMARY 
( NAME = N'QLBAIGUIXE', FILENAME = N'C:\Program Files\Microsoft SQL Server\MSSQL16.MSSQLSERVER\MSSQL\DATA\QLBAIGUIXE.mdf' , SIZE = 73728KB , MAXSIZE = UNLIMITED, FILEGROWTH = 65536KB )
 LOG ON 
( NAME = N'QLBAIGUIXE_log', FILENAME = N'C:\Program Files\Microsoft SQL Server\MSSQL16.MSSQLSERVER\MSSQL\DATA\QLBAIGUIXE_log.ldf' , SIZE = 73728KB , MAXSIZE = 2048GB , FILEGROWTH = 65536KB )
 WITH CATALOG_COLLATION = DATABASE_DEFAULT, LEDGER = OFF
GO
ALTER DATABASE [QLBAIGUIXE] SET COMPATIBILITY_LEVEL = 160
GO
IF (1 = FULLTEXTSERVICEPROPERTY('IsFullTextInstalled'))
begin
EXEC [QLBAIGUIXE].[dbo].[sp_fulltext_database] @action = 'enable'
end
GO
ALTER DATABASE [QLBAIGUIXE] SET ANSI_NULL_DEFAULT OFF 
GO
ALTER DATABASE [QLBAIGUIXE] SET ANSI_NULLS OFF 
GO
ALTER DATABASE [QLBAIGUIXE] SET ANSI_PADDING OFF 
GO
ALTER DATABASE [QLBAIGUIXE] SET ANSI_WARNINGS OFF 
GO
ALTER DATABASE [QLBAIGUIXE] SET ARITHABORT OFF 
GO
ALTER DATABASE [QLBAIGUIXE] SET AUTO_CLOSE OFF 
GO
ALTER DATABASE [QLBAIGUIXE] SET AUTO_SHRINK OFF 
GO
ALTER DATABASE [QLBAIGUIXE] SET AUTO_UPDATE_STATISTICS ON 
GO
ALTER DATABASE [QLBAIGUIXE] SET CURSOR_CLOSE_ON_COMMIT OFF 
GO
ALTER DATABASE [QLBAIGUIXE] SET CURSOR_DEFAULT  GLOBAL 
GO
ALTER DATABASE [QLBAIGUIXE] SET CONCAT_NULL_YIELDS_NULL OFF 
GO
ALTER DATABASE [QLBAIGUIXE] SET NUMERIC_ROUNDABORT OFF 
GO
ALTER DATABASE [QLBAIGUIXE] SET QUOTED_IDENTIFIER OFF 
GO
ALTER DATABASE [QLBAIGUIXE] SET RECURSIVE_TRIGGERS OFF 
GO
ALTER DATABASE [QLBAIGUIXE] SET  DISABLE_BROKER 
GO
ALTER DATABASE [QLBAIGUIXE] SET AUTO_UPDATE_STATISTICS_ASYNC OFF 
GO
ALTER DATABASE [QLBAIGUIXE] SET DATE_CORRELATION_OPTIMIZATION OFF 
GO
ALTER DATABASE [QLBAIGUIXE] SET TRUSTWORTHY OFF 
GO
ALTER DATABASE [QLBAIGUIXE] SET ALLOW_SNAPSHOT_ISOLATION OFF 
GO
ALTER DATABASE [QLBAIGUIXE] SET PARAMETERIZATION SIMPLE 
GO
ALTER DATABASE [QLBAIGUIXE] SET READ_COMMITTED_SNAPSHOT OFF 
GO
ALTER DATABASE [QLBAIGUIXE] SET HONOR_BROKER_PRIORITY OFF 
GO
ALTER DATABASE [QLBAIGUIXE] SET RECOVERY FULL 
GO
ALTER DATABASE [QLBAIGUIXE] SET  MULTI_USER 
GO
ALTER DATABASE [QLBAIGUIXE] SET PAGE_VERIFY CHECKSUM  
GO
ALTER DATABASE [QLBAIGUIXE] SET DB_CHAINING OFF 
GO
ALTER DATABASE [QLBAIGUIXE] SET FILESTREAM( NON_TRANSACTED_ACCESS = OFF ) 
GO
ALTER DATABASE [QLBAIGUIXE] SET TARGET_RECOVERY_TIME = 60 SECONDS 
GO
ALTER DATABASE [QLBAIGUIXE] SET DELAYED_DURABILITY = DISABLED 
GO
ALTER DATABASE [QLBAIGUIXE] SET ACCELERATED_DATABASE_RECOVERY = OFF  
GO
EXEC sys.sp_db_vardecimal_storage_format N'QLBAIGUIXE', N'ON'
GO
ALTER DATABASE [QLBAIGUIXE] SET QUERY_STORE = ON
GO
ALTER DATABASE [QLBAIGUIXE] SET QUERY_STORE (OPERATION_MODE = READ_WRITE, CLEANUP_POLICY = (STALE_QUERY_THRESHOLD_DAYS = 30), DATA_FLUSH_INTERVAL_SECONDS = 900, INTERVAL_LENGTH_MINUTES = 60, MAX_STORAGE_SIZE_MB = 1000, QUERY_CAPTURE_MODE = AUTO, SIZE_BASED_CLEANUP_MODE = AUTO, MAX_PLANS_PER_QUERY = 200, WAIT_STATS_CAPTURE_MODE = ON)
GO
USE [QLBAIGUIXE]
GO
/****** Object:  Table [dbo].[BaiDo]    Script Date: 14/06/2025 04:17:42 ******/
SET ANSI_NULLS ON
GO
SET QUOTED_IDENTIFIER ON
GO
CREATE TABLE [dbo].[BaiDo](
	[MaBaiDo] [varchar](10) NOT NULL,
	[TenBai] [varchar](255) NULL,
	[SoLuongCho] [int] NULL,
	[MaLoaiXe] [nchar](10) NULL,
PRIMARY KEY CLUSTERED 
(
	[MaBaiDo] ASC
)WITH (PAD_INDEX = OFF, STATISTICS_NORECOMPUTE = OFF, IGNORE_DUP_KEY = OFF, ALLOW_ROW_LOCKS = ON, ALLOW_PAGE_LOCKS = ON, OPTIMIZE_FOR_SEQUENTIAL_KEY = OFF) ON [PRIMARY]
) ON [PRIMARY]
GO
/****** Object:  Table [dbo].[BangGia]    Script Date: 14/06/2025 04:17:42 ******/
SET ANSI_NULLS ON
GO
SET QUOTED_IDENTIFIER ON
GO
CREATE TABLE [dbo].[BangGia](
	[MaBangGia] [nchar](10) NOT NULL,
	[MaHinhThuc] [nchar](10) NOT NULL,
	[MaLoaiXe] [nchar](10) NOT NULL,
	[Gia] [int] NOT NULL,
PRIMARY KEY CLUSTERED 
(
	[MaBangGia] ASC
)WITH (PAD_INDEX = OFF, STATISTICS_NORECOMPUTE = OFF, IGNORE_DUP_KEY = OFF, ALLOW_ROW_LOCKS = ON, ALLOW_PAGE_LOCKS = ON, OPTIMIZE_FOR_SEQUENTIAL_KEY = OFF) ON [PRIMARY]
) ON [PRIMARY]
GO
/****** Object:  Table [dbo].[ChiTietVaoRa]    Script Date: 14/06/2025 04:17:42 ******/
SET ANSI_NULLS ON
GO
SET QUOTED_IDENTIFIER ON
GO
CREATE TABLE [dbo].[ChiTietVaoRa](
	[MaCTVaoRa] [int] IDENTITY(1,1) NOT NULL,
	[BienSoXe] [nchar](10) NULL,
	[TGVao] [datetime] NOT NULL,
	[TGRa] [datetime] NULL,
	[NVVao] [nchar](10) NOT NULL,
	[NVRa] [nchar](10) NULL,
	[HinhThuc] [nchar](10) NOT NULL,
	[Gia] [int] NULL,
PRIMARY KEY CLUSTERED 
(
	[MaCTVaoRa] ASC
)WITH (PAD_INDEX = OFF, STATISTICS_NORECOMPUTE = OFF, IGNORE_DUP_KEY = OFF, ALLOW_ROW_LOCKS = ON, ALLOW_PAGE_LOCKS = ON, OPTIMIZE_FOR_SEQUENTIAL_KEY = OFF) ON [PRIMARY]
) ON [PRIMARY]
GO
/****** Object:  Table [dbo].[DangKyThang]    Script Date: 14/06/2025 04:17:42 ******/
SET ANSI_NULLS ON
GO
SET QUOTED_IDENTIFIER ON
GO
CREATE TABLE [dbo].[DangKyThang](
	[MaDangKy] [nchar](10) NOT NULL,
	[BienSoXe] [nchar](10) NOT NULL,
	[MaNV] [nchar](10) NULL,
	[NgayDangKy] [date] NOT NULL,
	[NgayBatDau] [date] NOT NULL,
	[NgayKetThuc] [date] NOT NULL,
	[TrangThai] [nvarchar](20) NOT NULL,
	[GhiChu] [nvarchar](255) NULL,
	[MaBangGia] [nchar](10) NULL,
	[Gia] [int] NOT NULL,
 CONSTRAINT [PK_DangKyThang] PRIMARY KEY CLUSTERED 
(
	[MaDangKy] ASC
)WITH (PAD_INDEX = OFF, STATISTICS_NORECOMPUTE = OFF, IGNORE_DUP_KEY = OFF, ALLOW_ROW_LOCKS = ON, ALLOW_PAGE_LOCKS = ON, OPTIMIZE_FOR_SEQUENTIAL_KEY = OFF) ON [PRIMARY]
) ON [PRIMARY]
GO
/****** Object:  Table [dbo].[HinhThucGuiXe]    Script Date: 14/06/2025 04:17:42 ******/
SET ANSI_NULLS ON
GO
SET QUOTED_IDENTIFIER ON
GO
CREATE TABLE [dbo].[HinhThucGuiXe](
	[MaHinhThuc] [nchar](10) NOT NULL,
	[TenHinhThuc] [nvarchar](50) NULL,
PRIMARY KEY CLUSTERED 
(
	[MaHinhThuc] ASC
)WITH (PAD_INDEX = OFF, STATISTICS_NORECOMPUTE = OFF, IGNORE_DUP_KEY = OFF, ALLOW_ROW_LOCKS = ON, ALLOW_PAGE_LOCKS = ON, OPTIMIZE_FOR_SEQUENTIAL_KEY = OFF) ON [PRIMARY]
) ON [PRIMARY]
GO
/****** Object:  Table [dbo].[LoaiXe]    Script Date: 14/06/2025 04:17:42 ******/
SET ANSI_NULLS ON
GO
SET QUOTED_IDENTIFIER ON
GO
CREATE TABLE [dbo].[LoaiXe](
	[MaLoaiXe] [nchar](10) NOT NULL,
	[TenLoaiXe] [nchar](50) NOT NULL,
PRIMARY KEY CLUSTERED 
(
	[MaLoaiXe] ASC
)WITH (PAD_INDEX = OFF, STATISTICS_NORECOMPUTE = OFF, IGNORE_DUP_KEY = OFF, ALLOW_ROW_LOCKS = ON, ALLOW_PAGE_LOCKS = ON, OPTIMIZE_FOR_SEQUENTIAL_KEY = OFF) ON [PRIMARY]
) ON [PRIMARY]
GO
/****** Object:  Table [dbo].[Lop]    Script Date: 14/06/2025 04:17:42 ******/
SET ANSI_NULLS ON
GO
SET QUOTED_IDENTIFIER ON
GO
CREATE TABLE [dbo].[Lop](
	[MALOP] [nchar](10) NOT NULL,
	[TENLOP] [nvarchar](50) NOT NULL,
	[KHOAHOC] [nchar](9) NULL,
PRIMARY KEY CLUSTERED 
(
	[MALOP] ASC
)WITH (PAD_INDEX = OFF, STATISTICS_NORECOMPUTE = OFF, IGNORE_DUP_KEY = OFF, ALLOW_ROW_LOCKS = ON, ALLOW_PAGE_LOCKS = ON, OPTIMIZE_FOR_SEQUENTIAL_KEY = OFF) ON [PRIMARY]
) ON [PRIMARY]
GO
/****** Object:  Table [dbo].[NhanVien]    Script Date: 14/06/2025 04:17:42 ******/
SET ANSI_NULLS ON
GO
SET QUOTED_IDENTIFIER ON
GO
CREATE TABLE [dbo].[NhanVien](
	[MaNV] [nchar](10) NOT NULL,
	[HoTen] [nvarchar](50) NOT NULL,
	[SDT] [nvarchar](15) NOT NULL,
	[Email] [nvarchar](100) NOT NULL,
	[CCCD] [nvarchar](20) NOT NULL,
	[ChucVu] [nvarchar](50) NOT NULL,
	[NgayVaoLam] [date] NOT NULL,
	[Avatar] [varchar](255) NULL,
PRIMARY KEY CLUSTERED 
(
	[MaNV] ASC
)WITH (PAD_INDEX = OFF, STATISTICS_NORECOMPUTE = OFF, IGNORE_DUP_KEY = OFF, ALLOW_ROW_LOCKS = ON, ALLOW_PAGE_LOCKS = ON, OPTIMIZE_FOR_SEQUENTIAL_KEY = OFF) ON [PRIMARY]
) ON [PRIMARY]
GO
/****** Object:  Table [dbo].[Roles]    Script Date: 14/06/2025 04:17:42 ******/
SET ANSI_NULLS ON
GO
SET QUOTED_IDENTIFIER ON
GO
CREATE TABLE [dbo].[Roles](
	[RoleID] [int] NOT NULL,
	[RoleName] [nvarchar](50) NOT NULL,
PRIMARY KEY CLUSTERED 
(
	[RoleID] ASC
)WITH (PAD_INDEX = OFF, STATISTICS_NORECOMPUTE = OFF, IGNORE_DUP_KEY = OFF, ALLOW_ROW_LOCKS = ON, ALLOW_PAGE_LOCKS = ON, OPTIMIZE_FOR_SEQUENTIAL_KEY = OFF) ON [PRIMARY]
) ON [PRIMARY]
GO
/****** Object:  Table [dbo].[SinhVien]    Script Date: 14/06/2025 04:17:42 ******/
SET ANSI_NULLS ON
GO
SET QUOTED_IDENTIFIER ON
GO
CREATE TABLE [dbo].[SinhVien](
	[MaSV] [nchar](10) NOT NULL,
	[HoTen] [nvarchar](80) NULL,
	[DiaChi] [nvarchar](200) NULL,
	[NgaySinh] [date] NULL,
	[QueQuan] [nvarchar](50) NULL,
	[SDT] [nvarchar](30) NULL,
	[Email] [nvarchar](200) NULL,
	[Avatar] [varchar](255) NULL,
	[MaLop] [nchar](10) NULL,
PRIMARY KEY CLUSTERED 
(
	[MaSV] ASC
)WITH (PAD_INDEX = OFF, STATISTICS_NORECOMPUTE = OFF, IGNORE_DUP_KEY = OFF, ALLOW_ROW_LOCKS = ON, ALLOW_PAGE_LOCKS = ON, OPTIMIZE_FOR_SEQUENTIAL_KEY = OFF) ON [PRIMARY]
) ON [PRIMARY]
GO
/****** Object:  Table [dbo].[SPRING_SESSION]    Script Date: 14/06/2025 04:17:42 ******/
SET ANSI_NULLS ON
GO
SET QUOTED_IDENTIFIER ON
GO
CREATE TABLE [dbo].[SPRING_SESSION](
	[PRIMARY_ID] [char](36) NOT NULL,
	[SESSION_ID] [char](36) NOT NULL,
	[CREATION_TIME] [bigint] NOT NULL,
	[LAST_ACCESS_TIME] [bigint] NOT NULL,
	[MAX_INACTIVE_INTERVAL] [int] NOT NULL,
	[EXPIRY_TIME] [bigint] NOT NULL,
	[PRINCIPAL_NAME] [varchar](100) NULL,
 CONSTRAINT [SPRING_SESSION_PK] PRIMARY KEY CLUSTERED 
(
	[PRIMARY_ID] ASC
)WITH (PAD_INDEX = OFF, STATISTICS_NORECOMPUTE = OFF, IGNORE_DUP_KEY = OFF, ALLOW_ROW_LOCKS = ON, ALLOW_PAGE_LOCKS = ON, OPTIMIZE_FOR_SEQUENTIAL_KEY = OFF) ON [PRIMARY]
) ON [PRIMARY]
GO
/****** Object:  Table [dbo].[SPRING_SESSION_ATTRIBUTES]    Script Date: 14/06/2025 04:17:42 ******/
SET ANSI_NULLS ON
GO
SET QUOTED_IDENTIFIER ON
GO
CREATE TABLE [dbo].[SPRING_SESSION_ATTRIBUTES](
	[SESSION_PRIMARY_ID] [char](36) NOT NULL,
	[ATTRIBUTE_NAME] [varchar](200) NOT NULL,
	[ATTRIBUTE_BYTES] [image] NOT NULL,
 CONSTRAINT [SPRING_SESSION_ATTRIBUTES_PK] PRIMARY KEY CLUSTERED 
(
	[SESSION_PRIMARY_ID] ASC,
	[ATTRIBUTE_NAME] ASC
)WITH (PAD_INDEX = OFF, STATISTICS_NORECOMPUTE = OFF, IGNORE_DUP_KEY = OFF, ALLOW_ROW_LOCKS = ON, ALLOW_PAGE_LOCKS = ON, OPTIMIZE_FOR_SEQUENTIAL_KEY = OFF) ON [PRIMARY]
) ON [PRIMARY] TEXTIMAGE_ON [PRIMARY]
GO
/****** Object:  Table [dbo].[TaiKhoan]    Script Date: 14/06/2025 04:17:42 ******/
SET ANSI_NULLS ON
GO
SET QUOTED_IDENTIFIER ON
GO
CREATE TABLE [dbo].[TaiKhoan](
	[Username] [nvarchar](50) NOT NULL,
	[Password] [nvarchar](100) NOT NULL,
	[Enabled] [bit] NOT NULL,
	[RoleID] [int] NOT NULL,
	[MaSV] [nchar](10) NULL,
	[MaNV] [nchar](10) NULL,
PRIMARY KEY CLUSTERED 
(
	[Username] ASC
)WITH (PAD_INDEX = OFF, STATISTICS_NORECOMPUTE = OFF, IGNORE_DUP_KEY = OFF, ALLOW_ROW_LOCKS = ON, ALLOW_PAGE_LOCKS = ON, OPTIMIZE_FOR_SEQUENTIAL_KEY = OFF) ON [PRIMARY]
) ON [PRIMARY]
GO
/****** Object:  Table [dbo].[Xe]    Script Date: 14/06/2025 04:17:42 ******/
SET ANSI_NULLS ON
GO
SET QUOTED_IDENTIFIER ON
GO
CREATE TABLE [dbo].[Xe](
	[BienSoXe] [nchar](10) NOT NULL,
	[MaLoaiXe] [nchar](10) NOT NULL,
	[MaNV] [nchar](10) NULL,
	[MaSV] [nchar](10) NULL,
	[TenXe] [nvarchar](255) NOT NULL,
	[CreatedDate] [datetime2](6) NOT NULL,
 CONSTRAINT [PK__Xe__A78059931B1EA9DC] PRIMARY KEY CLUSTERED 
(
	[BienSoXe] ASC
)WITH (PAD_INDEX = OFF, STATISTICS_NORECOMPUTE = OFF, IGNORE_DUP_KEY = OFF, ALLOW_ROW_LOCKS = ON, ALLOW_PAGE_LOCKS = ON, OPTIMIZE_FOR_SEQUENTIAL_KEY = OFF) ON [PRIMARY]
) ON [PRIMARY]
GO
INSERT [dbo].[BaiDo] ([MaBaiDo], [TenBai], [SoLuongCho], [MaLoaiXe]) VALUES (N'BD1', N'Bãi d? ô tô', 20, N'LX002     ')
INSERT [dbo].[BaiDo] ([MaBaiDo], [TenBai], [SoLuongCho], [MaLoaiXe]) VALUES (N'BD2', N'Bãi d? xe máy', 100, N'LX001     ')
GO
INSERT [dbo].[BangGia] ([MaBangGia], [MaHinhThuc], [MaLoaiXe], [Gia]) VALUES (N'BG01      ', N'HT002     ', N'LX001     ', 120000)
INSERT [dbo].[BangGia] ([MaBangGia], [MaHinhThuc], [MaLoaiXe], [Gia]) VALUES (N'BG02      ', N'HT001     ', N'LX002     ', 20000)
INSERT [dbo].[BangGia] ([MaBangGia], [MaHinhThuc], [MaLoaiXe], [Gia]) VALUES (N'BG03      ', N'HT002     ', N'LX002     ', 400000)
INSERT [dbo].[BangGia] ([MaBangGia], [MaHinhThuc], [MaLoaiXe], [Gia]) VALUES (N'BG04      ', N'HT001     ', N'LX001     ', 4000)
GO
SET IDENTITY_INSERT [dbo].[ChiTietVaoRa] ON 

INSERT [dbo].[ChiTietVaoRa] ([MaCTVaoRa], [BienSoXe], [TGVao], [TGRa], [NVVao], [NVRa], [HinhThuc], [Gia]) VALUES (44, N'29A-001.02', CAST(N'2025-06-14T17:13:34.740' AS DateTime), CAST(N'2025-06-14T17:13:40.717' AS DateTime), N'NV01      ', N'NV01      ', N'HT001     ', 4000)
INSERT [dbo].[ChiTietVaoRa] ([MaCTVaoRa], [BienSoXe], [TGVao], [TGRa], [NVVao], [NVRa], [HinhThuc], [Gia]) VALUES (45, N'29A-001.02', CAST(N'2025-06-14T17:15:20.243' AS DateTime), CAST(N'2025-06-14T17:15:23.530' AS DateTime), N'NV01      ', N'NV01      ', N'HT002     ', 0)
INSERT [dbo].[ChiTietVaoRa] ([MaCTVaoRa], [BienSoXe], [TGVao], [TGRa], [NVVao], [NVRa], [HinhThuc], [Gia]) VALUES (46, N'29A-001.02', CAST(N'2025-06-14T17:16:18.143' AS DateTime), CAST(N'2025-06-14T17:16:56.507' AS DateTime), N'NV01      ', N'NV01      ', N'HT002     ', 0)
INSERT [dbo].[ChiTietVaoRa] ([MaCTVaoRa], [BienSoXe], [TGVao], [TGRa], [NVVao], [NVRa], [HinhThuc], [Gia]) VALUES (47, N'29X1-8888 ', CAST(N'2025-06-14T17:16:49.797' AS DateTime), CAST(N'2025-06-14T17:16:59.360' AS DateTime), N'NV01      ', N'NV01      ', N'HT001     ', 0)
INSERT [dbo].[ChiTietVaoRa] ([MaCTVaoRa], [BienSoXe], [TGVao], [TGRa], [NVVao], [NVRa], [HinhThuc], [Gia]) VALUES (48, N'30A-123.45', CAST(N'2025-06-14T18:14:18.103' AS DateTime), CAST(N'2025-06-14T18:14:57.717' AS DateTime), N'NV01      ', N'NV01      ', N'HT001     ', 20000)
INSERT [dbo].[ChiTietVaoRa] ([MaCTVaoRa], [BienSoXe], [TGVao], [TGRa], [NVVao], [NVRa], [HinhThuc], [Gia]) VALUES (49, N'29X1-8888 ', CAST(N'2025-06-14T18:14:30.817' AS DateTime), CAST(N'2025-06-14T18:14:55.343' AS DateTime), N'NV01      ', N'NV01      ', N'HT001     ', 0)
SET IDENTITY_INSERT [dbo].[ChiTietVaoRa] OFF
GO
INSERT [dbo].[DangKyThang] ([MaDangKy], [BienSoXe], [MaNV], [NgayDangKy], [NgayBatDau], [NgayKetThuc], [TrangThai], [GhiChu], [MaBangGia], [Gia]) VALUES (N'1         ', N'29A-001.02', N'NV01      ', CAST(N'2025-06-14' AS Date), CAST(N'2025-06-14' AS Date), CAST(N'2025-07-14' AS Date), N'Đã duyệt', N'', N'BG01      ', 120000)
INSERT [dbo].[DangKyThang] ([MaDangKy], [BienSoXe], [MaNV], [NgayDangKy], [NgayBatDau], [NgayKetThuc], [TrangThai], [GhiChu], [MaBangGia], [Gia]) VALUES (N'2         ', N'29A-001.02', N'NV01      ', CAST(N'2025-06-14' AS Date), CAST(N'2025-07-16' AS Date), CAST(N'2025-10-16' AS Date), N'Đã duyệt', N'', N'BG01      ', 360000)
INSERT [dbo].[DangKyThang] ([MaDangKy], [BienSoXe], [MaNV], [NgayDangKy], [NgayBatDau], [NgayKetThuc], [TrangThai], [GhiChu], [MaBangGia], [Gia]) VALUES (N'3         ', N'29A-00103 ', N'NV01      ', CAST(N'2025-06-14' AS Date), CAST(N'2025-06-14' AS Date), CAST(N'2025-07-14' AS Date), N'Đã duyệt', N'', N'BG01      ', 120000)
GO
INSERT [dbo].[HinhThucGuiXe] ([MaHinhThuc], [TenHinhThuc]) VALUES (N'HT002     ', N'Gửi tháng')
INSERT [dbo].[HinhThucGuiXe] ([MaHinhThuc], [TenHinhThuc]) VALUES (N'HT001     ', N'Gửi vãng lai')
GO
INSERT [dbo].[LoaiXe] ([MaLoaiXe], [TenLoaiXe]) VALUES (N'LX002     ', N'Ô tô                                              ')
INSERT [dbo].[LoaiXe] ([MaLoaiXe], [TenLoaiXe]) VALUES (N'LX001     ', N'Xe Máy                                            ')
GO
INSERT [dbo].[Lop] ([MALOP], [TENLOP], [KHOAHOC]) VALUES (N'E22CQCN01 ', N'Công nghệ thông tin CLC1', N'2022-2025')
INSERT [dbo].[Lop] ([MALOP], [TENLOP], [KHOAHOC]) VALUES (N'E22CQCN02 ', N'Công nghệ thông tin CLC2', N'2022-2025')
GO
INSERT [dbo].[NhanVien] ([MaNV], [HoTen], [SDT], [Email], [CCCD], [ChucVu], [NgayVaoLam], [Avatar]) VALUES (N'NV01      ', N'Nguyễn Việt Anh', N'0778596687', N'luthanh202@gmail.com', N'02398448121', N'Quản lý', CAST(N'2004-02-01' AS Date), N'1749024957384-anh3.jpg')
INSERT [dbo].[NhanVien] ([MaNV], [HoTen], [SDT], [Email], [CCCD], [ChucVu], [NgayVaoLam], [Avatar]) VALUES (N'NV02      ', N'Lữ Tất Thành', N'0771234567', N'luthanh102@gmail.com', N'012345678', N'Quản lý', CAST(N'2004-09-04' AS Date), N'1749025566601-anh1.jpg')
INSERT [dbo].[NhanVien] ([MaNV], [HoTen], [SDT], [Email], [CCCD], [ChucVu], [NgayVaoLam], [Avatar]) VALUES (N'NV03      ', N'Mai Thanh Thảo', N'0111222333', N'thanhthao102@gmail.com', N'0999222111', N'Giảng viên', CAST(N'2025-06-15' AS Date), N'1749890419567-anh2.webp')
INSERT [dbo].[NhanVien] ([MaNV], [HoTen], [SDT], [Email], [CCCD], [ChucVu], [NgayVaoLam], [Avatar]) VALUES (N'NV04      ', N'Lê Tự Minh Lợi', N'0778123123', N'minhloi123@gmail.com', N'02398441231', N'Bảo vệ', CAST(N'2025-06-02' AS Date), N'1749808585828-anh1.jpg')
INSERT [dbo].[NhanVien] ([MaNV], [HoTen], [SDT], [Email], [CCCD], [ChucVu], [NgayVaoLam], [Avatar]) VALUES (N'NV05      ', N'Nguyễn Tiến Dũng', N'0999123123', N'tiendung123@gmail.com', N'02999448121', N'Bảo vệ', CAST(N'2025-06-09' AS Date), NULL)
INSERT [dbo].[NhanVien] ([MaNV], [HoTen], [SDT], [Email], [CCCD], [ChucVu], [NgayVaoLam], [Avatar]) VALUES (N'NV06      ', N'Nguyễn Hồng Sơn', N'0123123123', N'hongson1@gmail.com', N'02998448121', N'Giảng viên', CAST(N'2025-01-15' AS Date), NULL)
GO
INSERT [dbo].[Roles] ([RoleID], [RoleName]) VALUES (1, N'ROLE_ADMIN')
INSERT [dbo].[Roles] ([RoleID], [RoleName]) VALUES (2, N'ROLE_EMPLOYEE')
INSERT [dbo].[Roles] ([RoleID], [RoleName]) VALUES (3, N'ROLE_STUDENT')
INSERT [dbo].[Roles] ([RoleID], [RoleName]) VALUES (4, N'ROLE_TEACHER')
GO
INSERT [dbo].[SinhVien] ([MaSV], [HoTen], [DiaChi], [NgaySinh], [QueQuan], [SDT], [Email], [Avatar], [MaLop]) VALUES (N'SV001     ', N'Lương Trương Đại', N'Hà Nội', CAST(N'2004-09-04' AS Date), N'Hà Nội', N'0778596077', N'dai102@gmail.com', N'1749887592279-anh1.jpg', N'E22CQCN02 ')
INSERT [dbo].[SinhVien] ([MaSV], [HoTen], [DiaChi], [NgaySinh], [QueQuan], [SDT], [Email], [Avatar], [MaLop]) VALUES (N'SV002     ', N'Lê Anh Tuấn', N'123 ABC', NULL, N'123', N'0900232322', N'ngocson1034@gmail.com', NULL, N'E22CQCN02 ')
INSERT [dbo].[SinhVien] ([MaSV], [HoTen], [DiaChi], [NgaySinh], [QueQuan], [SDT], [Email], [Avatar], [MaLop]) VALUES (N'SV003     ', N'Trần Minh Khôi', N'Hà Nội', CAST(N'2004-01-15' AS Date), N'Hà Nội', N'0778596001', N'minhkhoi103@gmail.com', N'1749293666719-anh1.jpg', N'E22CQCN01 ')
INSERT [dbo].[SinhVien] ([MaSV], [HoTen], [DiaChi], [NgaySinh], [QueQuan], [SDT], [Email], [Avatar], [MaLop]) VALUES (N'SV004     ', N'Phạm Ngọc Ánh', N'Hà Nội', CAST(N'2004-02-20' AS Date), N'Nam Ð?nh', N'0778596002', N'ngocanh104@gmail.com', NULL, N'E22CQCN01 ')
INSERT [dbo].[SinhVien] ([MaSV], [HoTen], [DiaChi], [NgaySinh], [QueQuan], [SDT], [Email], [Avatar], [MaLop]) VALUES (N'SV005     ', N'Lê Hoàng Nam', N'Hà Nội', CAST(N'2004-03-10' AS Date), N'Thanh Hóa', N'0778596003', N'hoangnam105@gmail.com', NULL, N'E22CQCN01 ')
INSERT [dbo].[SinhVien] ([MaSV], [HoTen], [DiaChi], [NgaySinh], [QueQuan], [SDT], [Email], [Avatar], [MaLop]) VALUES (N'SV006     ', N'Nguyễn Việt Long', N'Hà Nội', CAST(N'2004-05-31' AS Date), N'Hà Nội', N'0778506007', N'starduong123@gmail.com', N'1749806472882-anh3.jpg', N'E22CQCN02 ')
INSERT [dbo].[SinhVien] ([MaSV], [HoTen], [DiaChi], [NgaySinh], [QueQuan], [SDT], [Email], [Avatar], [MaLop]) VALUES (N'SV007     ', N'Vũ Đức Anh', N'Hà Nội', CAST(N'2004-05-30' AS Date), N'Bac Ninh', N'0778596005', N'ducanh107@gmail.com', N'1749194120486-anh1.jpg', N'E22CQCN02 ')
INSERT [dbo].[SinhVien] ([MaSV], [HoTen], [DiaChi], [NgaySinh], [QueQuan], [SDT], [Email], [Avatar], [MaLop]) VALUES (N'SV008     ', N'Trần Nguyễn Sơn Thành', N'Đà Nẵng', CAST(N'2004-06-02' AS Date), N'Nha Trang', N'0778596687', N'luthanh102@gmail.com', N'1749887767049-anh1.jpg', N'E22CQCN02 ')
INSERT [dbo].[SinhVien] ([MaSV], [HoTen], [DiaChi], [NgaySinh], [QueQuan], [SDT], [Email], [Avatar], [MaLop]) VALUES (N'SV009     ', N'Đỗ Quang Huy', N'Hà Nội', CAST(N'2004-07-18' AS Date), N'Phú Thọ', N'0778596007', N'quanghuy109@gmail.com', N'1749192964700-anh3.jpg', N'E22CQCN02 ')
INSERT [dbo].[SinhVien] ([MaSV], [HoTen], [DiaChi], [NgaySinh], [QueQuan], [SDT], [Email], [Avatar], [MaLop]) VALUES (N'SV010     ', N'Nguyễn Bảo Ngọc', N'Hà Nội', CAST(N'2004-08-22' AS Date), N'Hà Tinh', N'0778596008', N'baongoc110@gmail.com', NULL, N'E22CQCN02 ')
INSERT [dbo].[SinhVien] ([MaSV], [HoTen], [DiaChi], [NgaySinh], [QueQuan], [SDT], [Email], [Avatar], [MaLop]) VALUES (N'SV011     ', N'Trần Văn Long', N'Hà Nội', CAST(N'2004-09-05' AS Date), N'Qu?ng Nam', N'0778596009', N'vanlong111@gmail.com', N'1749262852914-anh3.jpg', N'E22CQCN02 ')
INSERT [dbo].[SinhVien] ([MaSV], [HoTen], [DiaChi], [NgaySinh], [QueQuan], [SDT], [Email], [Avatar], [MaLop]) VALUES (N'SV012     ', N'Phan Thị Mai', N'Hà Nội', CAST(N'2004-10-14' AS Date), N'Ðà N?ng', N'0778596010', N'thimai112@gmail.com', N'1749023803416-anh2.webp', N'E22CQCN01 ')
INSERT [dbo].[SinhVien] ([MaSV], [HoTen], [DiaChi], [NgaySinh], [QueQuan], [SDT], [Email], [Avatar], [MaLop]) VALUES (N'SV013     ', N'Nguyễn Việt Anh', N'Hà Nội', NULL, N'Hà Nội', N'0918990571', N'vietanh111@gmail.com', NULL, N'E22CQCN01 ')
GO
INSERT [dbo].[SPRING_SESSION] ([PRIMARY_ID], [SESSION_ID], [CREATION_TIME], [LAST_ACCESS_TIME], [MAX_INACTIVE_INTERVAL], [EXPIRY_TIME], [PRINCIPAL_NAME]) VALUES (N'5cf9d2ba-4a30-4a39-a1ad-9dfbbb7b6312', N'22dc63b7-df0a-443f-bbf5-6ddb0cf8bdd9', 1749190392399, 1749190448881, 2592000, 1751782448881, N'NV01')
INSERT [dbo].[SPRING_SESSION] ([PRIMARY_ID], [SESSION_ID], [CREATION_TIME], [LAST_ACCESS_TIME], [MAX_INACTIVE_INTERVAL], [EXPIRY_TIME], [PRINCIPAL_NAME]) VALUES (N'baeabdbd-cdef-4892-9b28-46e15531ca64', N'c51d4023-05e9-4d21-ad99-f68fa35f993d', 1749094102542, 1749094123480, 2592000, 1751686123480, N'SV007')
INSERT [dbo].[SPRING_SESSION] ([PRIMARY_ID], [SESSION_ID], [CREATION_TIME], [LAST_ACCESS_TIME], [MAX_INACTIVE_INTERVAL], [EXPIRY_TIME], [PRINCIPAL_NAME]) VALUES (N'f07b3b1c-c326-4c5e-8b74-3c3b22a49656', N'4c6c3d9f-d6c4-47a3-95e2-bf0b8905619f', 1749899703987, 1749899711930, 2592000, 1752491711930, N'NV01')
INSERT [dbo].[SPRING_SESSION] ([PRIMARY_ID], [SESSION_ID], [CREATION_TIME], [LAST_ACCESS_TIME], [MAX_INACTIVE_INTERVAL], [EXPIRY_TIME], [PRINCIPAL_NAME]) VALUES (N'fb0daf85-6497-453b-93c3-3ebe2bea2442', N'a6c94a3c-a5db-4a81-8042-3fc81e206a9f', 1749283552190, 1749283590619, 2592000, 1751875590619, N'SV007')
INSERT [dbo].[SPRING_SESSION] ([PRIMARY_ID], [SESSION_ID], [CREATION_TIME], [LAST_ACCESS_TIME], [MAX_INACTIVE_INTERVAL], [EXPIRY_TIME], [PRINCIPAL_NAME]) VALUES (N'fbe3c686-04c1-4867-b2d0-a4af608af1ef', N'd6eff76e-a73a-47b7-ab47-ed3a97d0318c', 1749117018924, 1749117048104, 2592000, 1751709048104, N'SV007')
GO
INSERT [dbo].[SPRING_SESSION_ATTRIBUTES] ([SESSION_PRIMARY_ID], [ATTRIBUTE_NAME], [ATTRIBUTE_BYTES]) VALUES (N'5cf9d2ba-4a30-4a39-a1ad-9dfbbb7b6312', N'avatar', 0xACED0005740016313734393032343935373338342D616E68332E6A7067)
INSERT [dbo].[SPRING_SESSION_ATTRIBUTES] ([SESSION_PRIMARY_ID], [ATTRIBUTE_NAME], [ATTRIBUTE_BYTES]) VALUES (N'5cf9d2ba-4a30-4a39-a1ad-9dfbbb7b6312', N'fullName', 0xACED00057400134E677579E1BB856E205669E1BB877420416E68)
INSERT [dbo].[SPRING_SESSION_ATTRIBUTES] ([SESSION_PRIMARY_ID], [ATTRIBUTE_NAME], [ATTRIBUTE_BYTES]) VALUES (N'5cf9d2ba-4a30-4a39-a1ad-9dfbbb7b6312', N'SPRING_SECURITY_CONTEXT', 0xACED00057372003D6F72672E737072696E676672616D65776F726B2E73656375726974792E636F72652E636F6E746578742E5365637572697479436F6E74657874496D706C000000000000026C0200014C000E61757468656E7469636174696F6E7400324C6F72672F737072696E676672616D65776F726B2F73656375726974792F636F72652F41757468656E7469636174696F6E3B78707372004F6F72672E737072696E676672616D65776F726B2E73656375726974792E61757468656E7469636174696F6E2E557365726E616D6550617373776F726441757468656E7469636174696F6E546F6B656E000000000000026C0200024C000B63726564656E7469616C737400124C6A6176612F6C616E672F4F626A6563743B4C00097072696E636970616C71007E0004787200476F72672E737072696E676672616D65776F726B2E73656375726974792E61757468656E7469636174696F6E2E416273747261637441757468656E7469636174696F6E546F6B656ED3AA287E6E47640E0200035A000D61757468656E746963617465644C000B617574686F7269746965737400164C6A6176612F7574696C2F436F6C6C656374696F6E3B4C000764657461696C7371007E0004787001737200266A6176612E7574696C2E436F6C6C656374696F6E7324556E6D6F6469666961626C654C697374FC0F2531B5EC8E100200014C00046C6973747400104C6A6176612F7574696C2F4C6973743B7872002C6A6176612E7574696C2E436F6C6C656374696F6E7324556E6D6F6469666961626C65436F6C6C656374696F6E19420080CB5EF71E0200014C00016371007E00067870737200136A6176612E7574696C2E41727261794C6973747881D21D99C7619D03000149000473697A65787000000001770400000001737200426F72672E737072696E676672616D65776F726B2E73656375726974792E636F72652E617574686F726974792E53696D706C654772616E746564417574686F72697479000000000000026C0200014C0004726F6C657400124C6A6176612F6C616E672F537472696E673B787074000A524F4C455F41444D494E7871007E000D737200486F72672E737072696E676672616D65776F726B2E73656375726974792E7765622E61757468656E7469636174696F6E2E57656241757468656E7469636174696F6E44657461696C73000000000000026C0200024C000D72656D6F74654164647265737371007E000F4C000973657373696F6E496471007E000F787074000F303A303A303A303A303A303A303A3174002461366562373639342D653232372D343965342D386162382D323638333134393533343337707372002F766E2E6261636F6E2E7061726B696E672E636F6E6669672E53657269616C697A61626C655573657244657461696C7300000000000000010200045A0007656E61626C65644C000B617574686F72697469657371007E00064C000870617373776F726471007E000F4C0008757365726E616D6571007E000F787001737200236A6176612E7574696C2E436F6C6C656374696F6E732453696E676C65746F6E4C6973742AEF29103CA79B970200014C0007656C656D656E7471007E0004787071007E001074003C24326124313024776F726E44346B514362496C2F4C703376505448684F6F5543794A337335546D65482F6C784F49386B37742E396A494E63426D474B7400044E563031)
INSERT [dbo].[SPRING_SESSION_ATTRIBUTES] ([SESSION_PRIMARY_ID], [ATTRIBUTE_NAME], [ATTRIBUTE_BYTES]) VALUES (N'5cf9d2ba-4a30-4a39-a1ad-9dfbbb7b6312', N'SPRING_SECURITY_SAVED_REQUEST', 0xACED0005737200416F72672E737072696E676672616D65776F726B2E73656375726974792E7765622E7361766564726571756573742E44656661756C74536176656452657175657374000000000000026C02000F49000A736572766572506F72744C000B636F6E74657874506174687400124C6A6176612F6C616E672F537472696E673B4C0007636F6F6B6965737400154C6A6176612F7574696C2F41727261794C6973743B4C00076865616465727374000F4C6A6176612F7574696C2F4D61703B4C00076C6F63616C657371007E00024C001C6D61746368696E6752657175657374506172616D657465724E616D6571007E00014C00066D6574686F6471007E00014C000A706172616D657465727371007E00034C000870617468496E666F71007E00014C000B7175657279537472696E6771007E00014C000A7265717565737455524971007E00014C000A7265717565737455524C71007E00014C0006736368656D6571007E00014C000A7365727665724E616D6571007E00014C000B736572766C65745061746871007E0001787000001F90740000737200136A6176612E7574696C2E41727261794C6973747881D21D99C7619D03000149000473697A65787000000003770400000003737200396F72672E737072696E676672616D65776F726B2E73656375726974792E7765622E7361766564726571756573742E5361766564436F6F6B6965000000000000026C0200084900066D61784167655A000673656375726549000776657273696F6E4C0007636F6D6D656E7471007E00014C0006646F6D61696E71007E00014C00046E616D6571007E00014C00047061746871007E00014C000576616C756571007E00017870FFFFFFFF0000000000707074000753455353494F4E7074003059545A6C596A63324F5451745A5449794E7930304F5755304C546868596A67744D6A59344D7A45304F54557A4E444D337371007E0008FFFFFFFF00000000007070740013414D505F4D4B54475F66653462656233373466707400084A5464434A5464457371007E0008FFFFFFFF0000000000707074000E414D505F66653462656233373466707401484A5464434A5449795A47563261574E6C5357516C4D6A496C4D30456C4D6A49334D6A646D4F5755335A43307A5957466A4C5451344F574D74596A67335A4330774F446B7A4F575A6C59546B795A444D6C4D6A496C4D6B4D6C4D6A4A31633256795357516C4D6A496C4D30456C4D6A493159545131595749325A4330354E6D59774C5451784F5463744F444269596931684E7A64684F5756694F4755334E44596C4D6A496C4D6B4D6C4D6A4A7A5A584E7A615739755357516C4D6A496C4D3045784E7A51354D546B774D7A6B314E4455354A544A444A54497962334230543356304A5449794A544E425A6D46736332556C4D6B4D6C4D6A4A7359584E3052585A6C626E52556157316C4A5449794A544E424D5463304F5445354D444D354E5451324E535579517955794D6D786863335246646D567564456C6B4A5449794A544E424D5463344A54644578737200116A6176612E7574696C2E547265654D61700CC1F63E2D256AE60300014C000A636F6D70617261746F727400164C6A6176612F7574696C2F436F6D70617261746F723B78707372002A6A6176612E6C616E672E537472696E672443617365496E73656E736974697665436F6D70617261746F7277035C7D5C50E5CE02000078707704000000107400066163636570747371007E000600000001770400000001740087746578742F68746D6C2C6170706C69636174696F6E2F7868746D6C2B786D6C2C6170706C69636174696F6E2F786D6C3B713D302E392C696D6167652F617669662C696D6167652F776562702C696D6167652F61706E672C2A2F2A3B713D302E382C6170706C69636174696F6E2F7369676E65642D65786368616E67653B763D62333B713D302E377874000F6163636570742D656E636F64696E677371007E000600000001770400000001740017677A69702C206465666C6174652C2062722C207A7374647874000F6163636570742D6C616E67756167657371007E000600000001770400000001740023656E2D55532C656E3B713D302E392C76693B713D302E382C656E2D47423B713D302E377874000A636F6E6E656374696F6E7371007E00060000000177040000000174000A6B6565702D616C69766578740006636F6F6B69657371007E0006000000017704000000017401AF53455353494F4E3D59545A6C596A63324F5451745A5449794E7930304F5755304C546868596A67744D6A59344D7A45304F54557A4E444D333B20414D505F4D4B54475F666534626562333734663D4A5464434A5464453B20414D505F666534626562333734663D4A5464434A5449795A47563261574E6C5357516C4D6A496C4D30456C4D6A49334D6A646D4F5755335A43307A5957466A4C5451344F574D74596A67335A4330774F446B7A4F575A6C59546B795A444D6C4D6A496C4D6B4D6C4D6A4A31633256795357516C4D6A496C4D30456C4D6A493159545131595749325A4330354E6D59774C5451784F5463744F444269596931684E7A64684F5756694F4755334E44596C4D6A496C4D6B4D6C4D6A4A7A5A584E7A615739755357516C4D6A496C4D3045784E7A51354D546B774D7A6B314E4455354A544A444A54497962334230543356304A5449794A544E425A6D46736332556C4D6B4D6C4D6A4A7359584E3052585A6C626E52556157316C4A5449794A544E424D5463304F5445354D444D354E5451324E535579517955794D6D786863335246646D567564456C6B4A5449794A544E424D5463344A54644578740004686F73747371007E00060000000177040000000174000E6C6F63616C686F73743A3830383078740007726566657265727371007E000600000001770400000001740016687474703A2F2F6C6F63616C686F73743A383038302F787400097365632D63682D75617371007E00060000000177040000000174004122476F6F676C65204368726F6D65223B763D22313337222C20224368726F6D69756D223B763D22313337222C20224E6F742F41294272616E64223B763D22323422787400107365632D63682D75612D6D6F62696C657371007E0006000000017704000000017400023F30787400127365632D63682D75612D706C6174666F726D7371007E000600000001770400000001740007226D61634F53227874000E7365632D66657463682D646573747371007E000600000001770400000001740008646F63756D656E747874000E7365632D66657463682D6D6F64657371007E0006000000017704000000017400086E617669676174657874000E7365632D66657463682D736974657371007E00060000000177040000000174000B73616D652D6F726967696E7874000E7365632D66657463682D757365727371007E0006000000017704000000017400023F3178740019757067726164652D696E7365637572652D72657175657374737371007E000600000001770400000001740001317874000A757365722D6167656E747371007E0006000000017704000000017400754D6F7A696C6C612F352E3020284D6163696E746F73683B20496E74656C204D6163204F5320582031305F31355F3729204170706C655765624B69742F3533372E333620284B48544D4C2C206C696B65204765636B6F29204368726F6D652F3133372E302E302E30205361666172692F3533372E333678787371007E000600000004770400000004737200106A6176612E7574696C2E4C6F63616C657EF811609C30F9EC03000649000868617368636F64654C0007636F756E74727971007E00014C000A657874656E73696F6E7371007E00014C00086C616E677561676571007E00014C000673637269707471007E00014C000776617269616E7471007E00017870FFFFFFFF740002555371007E0005740002656E71007E000571007E0005787371007E0048FFFFFFFF71007E000571007E000571007E004B71007E000571007E0005787371007E0048FFFFFFFF71007E000571007E0005740002766971007E000571007E0005787371007E0048FFFFFFFF740002474271007E000571007E004B71007E000571007E00057878740008636F6E74696E75657400034745547371007E0012707704000000007870707400102F73747564656E742F70726F66696C65740025687474703A2F2F6C6F63616C686F73743A383038302F73747564656E742F70726F66696C65740004687474707400096C6F63616C686F73747400102F73747564656E742F70726F66696C65)
INSERT [dbo].[SPRING_SESSION_ATTRIBUTES] ([SESSION_PRIMARY_ID], [ATTRIBUTE_NAME], [ATTRIBUTE_BYTES]) VALUES (N'baeabdbd-cdef-4892-9b28-46e15531ca64', N'fullName', 0xACED000574000E56C5A920C490E1BBA96320416E68)
INSERT [dbo].[SPRING_SESSION_ATTRIBUTES] ([SESSION_PRIMARY_ID], [ATTRIBUTE_NAME], [ATTRIBUTE_BYTES]) VALUES (N'baeabdbd-cdef-4892-9b28-46e15531ca64', N'SPRING_SECURITY_CONTEXT', 0xACED00057372003D6F72672E737072696E676672616D65776F726B2E73656375726974792E636F72652E636F6E746578742E5365637572697479436F6E74657874496D706C000000000000026C0200014C000E61757468656E7469636174696F6E7400324C6F72672F737072696E676672616D65776F726B2F73656375726974792F636F72652F41757468656E7469636174696F6E3B78707372004F6F72672E737072696E676672616D65776F726B2E73656375726974792E61757468656E7469636174696F6E2E557365726E616D6550617373776F726441757468656E7469636174696F6E546F6B656E000000000000026C0200024C000B63726564656E7469616C737400124C6A6176612F6C616E672F4F626A6563743B4C00097072696E636970616C71007E0004787200476F72672E737072696E676672616D65776F726B2E73656375726974792E61757468656E7469636174696F6E2E416273747261637441757468656E7469636174696F6E546F6B656ED3AA287E6E47640E0200035A000D61757468656E746963617465644C000B617574686F7269746965737400164C6A6176612F7574696C2F436F6C6C656374696F6E3B4C000764657461696C7371007E0004787001737200266A6176612E7574696C2E436F6C6C656374696F6E7324556E6D6F6469666961626C654C697374FC0F2531B5EC8E100200014C00046C6973747400104C6A6176612F7574696C2F4C6973743B7872002C6A6176612E7574696C2E436F6C6C656374696F6E7324556E6D6F6469666961626C65436F6C6C656374696F6E19420080CB5EF71E0200014C00016371007E00067870737200136A6176612E7574696C2E41727261794C6973747881D21D99C7619D03000149000473697A65787000000001770400000001737200426F72672E737072696E676672616D65776F726B2E73656375726974792E636F72652E617574686F726974792E53696D706C654772616E746564417574686F72697479000000000000026C0200014C0004726F6C657400124C6A6176612F6C616E672F537472696E673B787074000C524F4C455F53545544454E547871007E000D737200486F72672E737072696E676672616D65776F726B2E73656375726974792E7765622E61757468656E7469636174696F6E2E57656241757468656E7469636174696F6E44657461696C73000000000000026C0200024C000D72656D6F74654164647265737371007E000F4C000973657373696F6E496471007E000F787074000F303A303A303A303A303A303A303A3174002461626364393137652D323966382D343731632D613238302D316434343362653633343137707372002F766E2E6261636F6E2E7061726B696E672E636F6E6669672E53657269616C697A61626C655573657244657461696C7300000000000000010200045A0007656E61626C65644C000B617574686F72697469657371007E00064C000870617373776F726471007E000F4C0008757365726E616D6571007E000F787001737200236A6176612E7574696C2E436F6C6C656374696F6E732453696E676C65746F6E4C6973742AEF29103CA79B970200014C0007656C656D656E7471007E0004787071007E001074003C24326124313024614D566E66426E52493967455A6F6254564E536D4B6564356566597A392E324173594C496A4146624755554F707455426148465A437400055356303037)
INSERT [dbo].[SPRING_SESSION_ATTRIBUTES] ([SESSION_PRIMARY_ID], [ATTRIBUTE_NAME], [ATTRIBUTE_BYTES]) VALUES (N'f07b3b1c-c326-4c5e-8b74-3c3b22a49656', N'avatar', 0xACED0005740016313734393032343935373338342D616E68332E6A7067)
INSERT [dbo].[SPRING_SESSION_ATTRIBUTES] ([SESSION_PRIMARY_ID], [ATTRIBUTE_NAME], [ATTRIBUTE_BYTES]) VALUES (N'f07b3b1c-c326-4c5e-8b74-3c3b22a49656', N'chucVu', 0xACED000574000A5175E1BAA36E206CC3BD)
INSERT [dbo].[SPRING_SESSION_ATTRIBUTES] ([SESSION_PRIMARY_ID], [ATTRIBUTE_NAME], [ATTRIBUTE_BYTES]) VALUES (N'f07b3b1c-c326-4c5e-8b74-3c3b22a49656', N'fullName', 0xACED00057400134E677579E1BB856E205669E1BB877420416E68)
INSERT [dbo].[SPRING_SESSION_ATTRIBUTES] ([SESSION_PRIMARY_ID], [ATTRIBUTE_NAME], [ATTRIBUTE_BYTES]) VALUES (N'f07b3b1c-c326-4c5e-8b74-3c3b22a49656', N'isStaff', 0xACED0005737200116A6176612E6C616E672E426F6F6C65616ECD207280D59CFAEE0200015A000576616C7565787001)
INSERT [dbo].[SPRING_SESSION_ATTRIBUTES] ([SESSION_PRIMARY_ID], [ATTRIBUTE_NAME], [ATTRIBUTE_BYTES]) VALUES (N'f07b3b1c-c326-4c5e-8b74-3c3b22a49656', N'org.springframework.security.web.csrf.HttpSessionCsrfTokenRepository.CSRF_TOKEN', 0xACED0005737200366F72672E737072696E676672616D65776F726B2E73656375726974792E7765622E637372662E44656661756C7443737266546F6B656E5AEFB7C82FA2FBD50200034C000A6865616465724E616D657400124C6A6176612F6C616E672F537472696E673B4C000D706172616D657465724E616D6571007E00014C0005746F6B656E71007E0001787074000C582D435352462D544F4B454E7400055F6373726674002439316536376636622D643932372D343264642D623339642D613563666239643230333232)
INSERT [dbo].[SPRING_SESSION_ATTRIBUTES] ([SESSION_PRIMARY_ID], [ATTRIBUTE_NAME], [ATTRIBUTE_BYTES]) VALUES (N'f07b3b1c-c326-4c5e-8b74-3c3b22a49656', N'SPRING_SECURITY_CONTEXT', 0xACED00057372003D6F72672E737072696E676672616D65776F726B2E73656375726974792E636F72652E636F6E746578742E5365637572697479436F6E74657874496D706C000000000000026C0200014C000E61757468656E7469636174696F6E7400324C6F72672F737072696E676672616D65776F726B2F73656375726974792F636F72652F41757468656E7469636174696F6E3B78707372004F6F72672E737072696E676672616D65776F726B2E73656375726974792E61757468656E7469636174696F6E2E557365726E616D6550617373776F726441757468656E7469636174696F6E546F6B656E000000000000026C0200024C000B63726564656E7469616C737400124C6A6176612F6C616E672F4F626A6563743B4C00097072696E636970616C71007E0004787200476F72672E737072696E676672616D65776F726B2E73656375726974792E61757468656E7469636174696F6E2E416273747261637441757468656E7469636174696F6E546F6B656ED3AA287E6E47640E0200035A000D61757468656E746963617465644C000B617574686F7269746965737400164C6A6176612F7574696C2F436F6C6C656374696F6E3B4C000764657461696C7371007E0004787001737200266A6176612E7574696C2E436F6C6C656374696F6E7324556E6D6F6469666961626C654C697374FC0F2531B5EC8E100200014C00046C6973747400104C6A6176612F7574696C2F4C6973743B7872002C6A6176612E7574696C2E436F6C6C656374696F6E7324556E6D6F6469666961626C65436F6C6C656374696F6E19420080CB5EF71E0200014C00016371007E00067870737200136A6176612E7574696C2E41727261794C6973747881D21D99C7619D03000149000473697A65787000000001770400000001737200426F72672E737072696E676672616D65776F726B2E73656375726974792E636F72652E617574686F726974792E53696D706C654772616E746564417574686F72697479000000000000026C0200014C0004726F6C657400124C6A6176612F6C616E672F537472696E673B787074000A524F4C455F41444D494E7871007E000D737200486F72672E737072696E676672616D65776F726B2E73656375726974792E7765622E61757468656E7469636174696F6E2E57656241757468656E7469636174696F6E44657461696C73000000000000026C0200024C000D72656D6F74654164647265737371007E000F4C000973657373696F6E496471007E000F787074000F303A303A303A303A303A303A303A3174002432653332326139362D613733642D343030342D386530342D656366613165336239646639707372002F766E2E6261636F6E2E7061726B696E672E636F6E6669672E53657269616C697A61626C655573657244657461696C7300000000000000010200045A0007656E61626C65644C000B617574686F72697469657371007E00064C000870617373776F726471007E000F4C0008757365726E616D6571007E000F787001737200236A6176612E7574696C2E436F6C6C656374696F6E732453696E676C65746F6E4C6973742AEF29103CA79B970200014C0007656C656D656E7471007E0004787071007E001074003C24326124313024776F726E44346B514362496C2F4C703376505448684F6F5543794A337335546D65482F6C784F49386B37742E396A494E63426D474B7400044E563031)
INSERT [dbo].[SPRING_SESSION_ATTRIBUTES] ([SESSION_PRIMARY_ID], [ATTRIBUTE_NAME], [ATTRIBUTE_BYTES]) VALUES (N'fb0daf85-6497-453b-93c3-3ebe2bea2442', N'avatar', 0xACED0005740016313734393139343132303438362D616E68312E6A7067)
INSERT [dbo].[SPRING_SESSION_ATTRIBUTES] ([SESSION_PRIMARY_ID], [ATTRIBUTE_NAME], [ATTRIBUTE_BYTES]) VALUES (N'fb0daf85-6497-453b-93c3-3ebe2bea2442', N'fullName', 0xACED000574000E56C5A920C490E1BBA96320416E68)
INSERT [dbo].[SPRING_SESSION_ATTRIBUTES] ([SESSION_PRIMARY_ID], [ATTRIBUTE_NAME], [ATTRIBUTE_BYTES]) VALUES (N'fb0daf85-6497-453b-93c3-3ebe2bea2442', N'org.springframework.security.web.csrf.HttpSessionCsrfTokenRepository.CSRF_TOKEN', 0xACED0005737200366F72672E737072696E676672616D65776F726B2E73656375726974792E7765622E637372662E44656661756C7443737266546F6B656E5AEFB7C82FA2FBD50200034C000A6865616465724E616D657400124C6A6176612F6C616E672F537472696E673B4C000D706172616D657465724E616D6571007E00014C0005746F6B656E71007E0001787074000C582D435352462D544F4B454E7400055F6373726674002461623737303062322D333338322D343830312D386437372D613665303835633265316566)
INSERT [dbo].[SPRING_SESSION_ATTRIBUTES] ([SESSION_PRIMARY_ID], [ATTRIBUTE_NAME], [ATTRIBUTE_BYTES]) VALUES (N'fb0daf85-6497-453b-93c3-3ebe2bea2442', N'SPRING_SECURITY_CONTEXT', 0xACED00057372003D6F72672E737072696E676672616D65776F726B2E73656375726974792E636F72652E636F6E746578742E5365637572697479436F6E74657874496D706C000000000000026C0200014C000E61757468656E7469636174696F6E7400324C6F72672F737072696E676672616D65776F726B2F73656375726974792F636F72652F41757468656E7469636174696F6E3B78707372004F6F72672E737072696E676672616D65776F726B2E73656375726974792E61757468656E7469636174696F6E2E557365726E616D6550617373776F726441757468656E7469636174696F6E546F6B656E000000000000026C0200024C000B63726564656E7469616C737400124C6A6176612F6C616E672F4F626A6563743B4C00097072696E636970616C71007E0004787200476F72672E737072696E676672616D65776F726B2E73656375726974792E61757468656E7469636174696F6E2E416273747261637441757468656E7469636174696F6E546F6B656ED3AA287E6E47640E0200035A000D61757468656E746963617465644C000B617574686F7269746965737400164C6A6176612F7574696C2F436F6C6C656374696F6E3B4C000764657461696C7371007E0004787001737200266A6176612E7574696C2E436F6C6C656374696F6E7324556E6D6F6469666961626C654C697374FC0F2531B5EC8E100200014C00046C6973747400104C6A6176612F7574696C2F4C6973743B7872002C6A6176612E7574696C2E436F6C6C656374696F6E7324556E6D6F6469666961626C65436F6C6C656374696F6E19420080CB5EF71E0200014C00016371007E00067870737200136A6176612E7574696C2E41727261794C6973747881D21D99C7619D03000149000473697A65787000000001770400000001737200426F72672E737072696E676672616D65776F726B2E73656375726974792E636F72652E617574686F726974792E53696D706C654772616E746564417574686F72697479000000000000026C0200014C0004726F6C657400124C6A6176612F6C616E672F537472696E673B787074000C524F4C455F53545544454E547871007E000D737200486F72672E737072696E676672616D65776F726B2E73656375726974792E7765622E61757468656E7469636174696F6E2E57656241757468656E7469636174696F6E44657461696C73000000000000026C0200024C000D72656D6F74654164647265737371007E000F4C000973657373696F6E496471007E000F787074000F303A303A303A303A303A303A303A3174002462343766363636622D623365362D343265312D383131382D656538353466343066333436707372002F766E2E6261636F6E2E7061726B696E672E636F6E6669672E53657269616C697A61626C655573657244657461696C7300000000000000010200045A0007656E61626C65644C000B617574686F72697469657371007E00064C000870617373776F726471007E000F4C0008757365726E616D6571007E000F787001737200236A6176612E7574696C2E436F6C6C656374696F6E732453696E676C65746F6E4C6973742AEF29103CA79B970200014C0007656C656D656E7471007E0004787071007E001074003C24326124313024614D566E66426E52493967455A6F6254564E536D4B6564356566597A392E324173594C496A4146624755554F707455426148465A437400055356303037)
INSERT [dbo].[SPRING_SESSION_ATTRIBUTES] ([SESSION_PRIMARY_ID], [ATTRIBUTE_NAME], [ATTRIBUTE_BYTES]) VALUES (N'fb0daf85-6497-453b-93c3-3ebe2bea2442', N'SPRING_SECURITY_SAVED_REQUEST', 0xACED0005737200416F72672E737072696E676672616D65776F726B2E73656375726974792E7765622E7361766564726571756573742E44656661756C74536176656452657175657374000000000000026C02000F49000A736572766572506F72744C000B636F6E74657874506174687400124C6A6176612F6C616E672F537472696E673B4C0007636F6F6B6965737400154C6A6176612F7574696C2F41727261794C6973743B4C00076865616465727374000F4C6A6176612F7574696C2F4D61703B4C00076C6F63616C657371007E00024C001C6D61746368696E6752657175657374506172616D657465724E616D6571007E00014C00066D6574686F6471007E00014C000A706172616D657465727371007E00034C000870617468496E666F71007E00014C000B7175657279537472696E6771007E00014C000A7265717565737455524971007E00014C000A7265717565737455524C71007E00014C0006736368656D6571007E00014C000A7365727665724E616D6571007E00014C000B736572766C65745061746871007E0001787000001F90740000737200136A6176612E7574696C2E41727261794C6973747881D21D99C7619D03000149000473697A6578700000000077040000000078737200116A6176612E7574696C2E547265654D61700CC1F63E2D256AE60300014C000A636F6D70617261746F727400164C6A6176612F7574696C2F436F6D70617261746F723B78707372002A6A6176612E6C616E672E537472696E672443617365496E73656E736974697665436F6D70617261746F7277035C7D5C50E5CE020000787077040000000A7400066163636570747371007E00060000000177040000000174003F746578742F68746D6C2C6170706C69636174696F6E2F7868746D6C2B786D6C2C6170706C69636174696F6E2F786D6C3B713D302E392C2A2F2A3B713D302E387874000F6163636570742D656E636F64696E677371007E00060000000177040000000174000D677A69702C206465666C6174657874000F6163636570742D6C616E67756167657371007E00060000000177040000000174000E76692D564E2C76693B713D302E397874000A636F6E6E656374696F6E7371007E00060000000177040000000174000A6B6565702D616C69766578740004686F73747371007E00060000000177040000000174000E6C6F63616C686F73743A383038307874000E7365632D66657463682D646573747371007E000600000001770400000001740008646F63756D656E747874000E7365632D66657463682D6D6F64657371007E0006000000017704000000017400086E617669676174657874000E7365632D66657463682D736974657371007E0006000000017704000000017400046E6F6E6578740019757067726164652D696E7365637572652D72657175657374737371007E000600000001770400000001740001317874000A757365722D6167656E747371007E0006000000017704000000017400754D6F7A696C6C612F352E3020284D6163696E746F73683B20496E74656C204D6163204F5320582031305F31355F3729204170706C655765624B69742F3630352E312E313520284B48544D4C2C206C696B65204765636B6F292056657273696F6E2F31372E35205361666172692F3630352E312E313578787371007E000600000002770400000002737200106A6176612E7574696C2E4C6F63616C657EF811609C30F9EC03000649000868617368636F64654C0007636F756E74727971007E00014C000A657874656E73696F6E7371007E00014C00086C616E677561676571007E00014C000673637269707471007E00014C000776617269616E7471007E00017870FFFFFFFF740002564E71007E0005740002766971007E000571007E0005787371007E002CFFFFFFFF71007E000571007E000571007E002F71007E000571007E00057878740008636F6E74696E75657400034745547371007E00087077040000000078707074002A2F73747564656E742F726571756573742D6D6F6E74686C792D726567697374726174696F6E2F6564697474003F687474703A2F2F6C6F63616C686F73743A383038302F73747564656E742F726571756573742D6D6F6E74686C792D726567697374726174696F6E2F65646974740004687474707400096C6F63616C686F737474002A2F73747564656E742F726571756573742D6D6F6E74686C792D726567697374726174696F6E2F65646974)
INSERT [dbo].[SPRING_SESSION_ATTRIBUTES] ([SESSION_PRIMARY_ID], [ATTRIBUTE_NAME], [ATTRIBUTE_BYTES]) VALUES (N'fbe3c686-04c1-4867-b2d0-a4af608af1ef', N'fullName', 0xACED000574000E56C5A920C490E1BBA96320416E68)
INSERT [dbo].[SPRING_SESSION_ATTRIBUTES] ([SESSION_PRIMARY_ID], [ATTRIBUTE_NAME], [ATTRIBUTE_BYTES]) VALUES (N'fbe3c686-04c1-4867-b2d0-a4af608af1ef', N'org.springframework.security.web.csrf.HttpSessionCsrfTokenRepository.CSRF_TOKEN', 0xACED0005737200366F72672E737072696E676672616D65776F726B2E73656375726974792E7765622E637372662E44656661756C7443737266546F6B656E5AEFB7C82FA2FBD50200034C000A6865616465724E616D657400124C6A6176612F6C616E672F537472696E673B4C000D706172616D657465724E616D6571007E00014C0005746F6B656E71007E0001787074000C582D435352462D544F4B454E7400055F6373726674002466393837333863642D383463612D343237612D613737342D316663316338326630633131)
INSERT [dbo].[SPRING_SESSION_ATTRIBUTES] ([SESSION_PRIMARY_ID], [ATTRIBUTE_NAME], [ATTRIBUTE_BYTES]) VALUES (N'fbe3c686-04c1-4867-b2d0-a4af608af1ef', N'SPRING_SECURITY_CONTEXT', 0xACED00057372003D6F72672E737072696E676672616D65776F726B2E73656375726974792E636F72652E636F6E746578742E5365637572697479436F6E74657874496D706C000000000000026C0200014C000E61757468656E7469636174696F6E7400324C6F72672F737072696E676672616D65776F726B2F73656375726974792F636F72652F41757468656E7469636174696F6E3B78707372004F6F72672E737072696E676672616D65776F726B2E73656375726974792E61757468656E7469636174696F6E2E557365726E616D6550617373776F726441757468656E7469636174696F6E546F6B656E000000000000026C0200024C000B63726564656E7469616C737400124C6A6176612F6C616E672F4F626A6563743B4C00097072696E636970616C71007E0004787200476F72672E737072696E676672616D65776F726B2E73656375726974792E61757468656E7469636174696F6E2E416273747261637441757468656E7469636174696F6E546F6B656ED3AA287E6E47640E0200035A000D61757468656E746963617465644C000B617574686F7269746965737400164C6A6176612F7574696C2F436F6C6C656374696F6E3B4C000764657461696C7371007E0004787001737200266A6176612E7574696C2E436F6C6C656374696F6E7324556E6D6F6469666961626C654C697374FC0F2531B5EC8E100200014C00046C6973747400104C6A6176612F7574696C2F4C6973743B7872002C6A6176612E7574696C2E436F6C6C656374696F6E7324556E6D6F6469666961626C65436F6C6C656374696F6E19420080CB5EF71E0200014C00016371007E00067870737200136A6176612E7574696C2E41727261794C6973747881D21D99C7619D03000149000473697A65787000000001770400000001737200426F72672E737072696E676672616D65776F726B2E73656375726974792E636F72652E617574686F726974792E53696D706C654772616E746564417574686F72697479000000000000026C0200014C0004726F6C657400124C6A6176612F6C616E672F537472696E673B787074000C524F4C455F53545544454E547871007E000D737200486F72672E737072696E676672616D65776F726B2E73656375726974792E7765622E61757468656E7469636174696F6E2E57656241757468656E7469636174696F6E44657461696C73000000000000026C0200024C000D72656D6F74654164647265737371007E000F4C000973657373696F6E496471007E000F787074000F303A303A303A303A303A303A303A3174002433393066333066392D393462642D343739332D623465622D396339636137393764656334707372002F766E2E6261636F6E2E7061726B696E672E636F6E6669672E53657269616C697A61626C655573657244657461696C7300000000000000010200045A0007656E61626C65644C000B617574686F72697469657371007E00064C000870617373776F726471007E000F4C0008757365726E616D6571007E000F787001737200236A6176612E7574696C2E436F6C6C656374696F6E732453696E676C65746F6E4C6973742AEF29103CA79B970200014C0007656C656D656E7471007E0004787071007E001074003C24326124313024614D566E66426E52493967455A6F6254564E536D4B6564356566597A392E324173594C496A4146624755554F707455426148465A437400055356303037)
GO
INSERT [dbo].[TaiKhoan] ([Username], [Password], [Enabled], [RoleID], [MaSV], [MaNV]) VALUES (N'NV01', N'$2a$10$wornD4kQCbIl/Lp3vPTHhOoUCyJ3s5TmeH/lxOI8k7t.9jINcBmGK', 1, 1, NULL, N'NV01      ')
INSERT [dbo].[TaiKhoan] ([Username], [Password], [Enabled], [RoleID], [MaSV], [MaNV]) VALUES (N'NV02', N'$2a$10$wornD4kQCbIl/Lp3vPTHhOoUCyJ3s5TmeH/lxOI8k7t.9jINcBmGK', 1, 2, NULL, N'NV02      ')
INSERT [dbo].[TaiKhoan] ([Username], [Password], [Enabled], [RoleID], [MaSV], [MaNV]) VALUES (N'NV03', N'$2a$10$iIwcauoRKx3S31KxTqCyIu2cf8L8zJj0ymdp9v4KYC18tnWSY.dSy', 1, 4, NULL, N'NV03      ')
INSERT [dbo].[TaiKhoan] ([Username], [Password], [Enabled], [RoleID], [MaSV], [MaNV]) VALUES (N'NV04', N'$2a$10$piwuiN7zam0vUkel8BKejeO8Z.X.YYP8JIe2YpKTBzkpaydFVFdkC', 1, 2, NULL, N'NV04      ')
INSERT [dbo].[TaiKhoan] ([Username], [Password], [Enabled], [RoleID], [MaSV], [MaNV]) VALUES (N'SV001', N'$2a$10$vE57RmWag8anpTE2Ppxvp.dWWklGSFeb9Amuc5cOIsXjIfCs5hzwa', 1, 3, N'SV001     ', NULL)
INSERT [dbo].[TaiKhoan] ([Username], [Password], [Enabled], [RoleID], [MaSV], [MaNV]) VALUES (N'SV002', N'$2a$10$FvRlxr4hQJdF.JE7ItUY7Oj8yjSSuwvQVpScMKvnqJ6AKVKoK2.6q', 1, 3, N'SV002     ', NULL)
INSERT [dbo].[TaiKhoan] ([Username], [Password], [Enabled], [RoleID], [MaSV], [MaNV]) VALUES (N'SV003', N'$2a$10$Z6er4wjnkBX/uC39Z.o2ce6iGICLtj6ChcMw3CXuuulAlYukZe3Gq', 1, 3, N'SV003     ', NULL)
INSERT [dbo].[TaiKhoan] ([Username], [Password], [Enabled], [RoleID], [MaSV], [MaNV]) VALUES (N'SV004', N'$2a$10$wornD4kQCbIl/Lp3vPTHhOoUCyJ3s5TmeH/lxOI8k7t.9jINcBmGK', 1, 3, N'SV004     ', NULL)
INSERT [dbo].[TaiKhoan] ([Username], [Password], [Enabled], [RoleID], [MaSV], [MaNV]) VALUES (N'SV005', N'$2a$10$jkFfWHU/zcvmcch0tNaKV.ZW0PkUxgjAp8nH7zKyLN.izneSoi1CW', 1, 3, N'SV005     ', NULL)
INSERT [dbo].[TaiKhoan] ([Username], [Password], [Enabled], [RoleID], [MaSV], [MaNV]) VALUES (N'SV006', N'$2a$10$U3NQzHjyhkhFUWh0ENO3Su.OibMwNT/lF3O8IFSeVF1uPYy45TVEm', 1, 3, N'SV006     ', NULL)
INSERT [dbo].[TaiKhoan] ([Username], [Password], [Enabled], [RoleID], [MaSV], [MaNV]) VALUES (N'SV007', N'$2a$10$ltiEORxYFe6fKMitfLDiW.AxmHYwRyl.9m2XdbkDAGnFOM7PmA4wq', 1, 3, N'SV007     ', NULL)
INSERT [dbo].[TaiKhoan] ([Username], [Password], [Enabled], [RoleID], [MaSV], [MaNV]) VALUES (N'SV008', N'$2a$10$lWPjOzxTEZYgk4RWMFGBOO4aK52HXfK1DkqVkmUrGlQGul2m2c6mW', 1, 3, N'SV008     ', NULL)
INSERT [dbo].[TaiKhoan] ([Username], [Password], [Enabled], [RoleID], [MaSV], [MaNV]) VALUES (N'SV009', N'$2a$10$EMVhDSemt2q4SXRNQd/pM.EqqOqhi3wV0JuRigwGvP5sfVlkPBn5i', 1, 3, N'SV009     ', NULL)
INSERT [dbo].[TaiKhoan] ([Username], [Password], [Enabled], [RoleID], [MaSV], [MaNV]) VALUES (N'SV010', N'$2a$10$HJGgTnKZQ8ULYD44s.rVbuj2MuRKpKJG5HwIR0q08H9cecxjQfGMi', 1, 3, N'SV010     ', NULL)
INSERT [dbo].[TaiKhoan] ([Username], [Password], [Enabled], [RoleID], [MaSV], [MaNV]) VALUES (N'SV011', N'$2a$10$lq/RrmQ2K5iHs.yKRGGwAOUU5D0KSiTDWyx2ymHkvzAtFyi/Mo3cy', 1, 3, N'SV011     ', NULL)
INSERT [dbo].[TaiKhoan] ([Username], [Password], [Enabled], [RoleID], [MaSV], [MaNV]) VALUES (N'SV012', N'$2a$10$u.RoYrKe8LszT8/lWYamFOX5d7LHYXj12ffaK/frDljHEHgJ5uq/a', 1, 3, N'SV012     ', NULL)
GO
INSERT [dbo].[Xe] ([BienSoXe], [MaLoaiXe], [MaNV], [MaSV], [TenXe], [CreatedDate]) VALUES (N'29A-001.02', N'LX001     ', NULL, N'SV001     ', N'Yamaha Sirius', CAST(N'2025-06-14T16:27:56.2710620' AS DateTime2))
INSERT [dbo].[Xe] ([BienSoXe], [MaLoaiXe], [MaNV], [MaSV], [TenXe], [CreatedDate]) VALUES (N'29A-00101 ', N'LX001     ', NULL, N'SV001     ', N'Honda Wave', CAST(N'2025-06-14T16:27:13.8788710' AS DateTime2))
INSERT [dbo].[Xe] ([BienSoXe], [MaLoaiXe], [MaNV], [MaSV], [TenXe], [CreatedDate]) VALUES (N'29A-00103 ', N'LX001     ', NULL, N'SV002     ', N'SH Mode', CAST(N'2025-06-14T02:31:14.0133330' AS DateTime2))
INSERT [dbo].[Xe] ([BienSoXe], [MaLoaiXe], [MaNV], [MaSV], [TenXe], [CreatedDate]) VALUES (N'29A-00104 ', N'LX001     ', NULL, N'SV002     ', N'Air Blade', CAST(N'2025-06-14T02:31:14.0133330' AS DateTime2))
INSERT [dbo].[Xe] ([BienSoXe], [MaLoaiXe], [MaNV], [MaSV], [TenXe], [CreatedDate]) VALUES (N'29A-99901 ', N'LX002     ', N'NV03      ', NULL, N'Toyota Vios', CAST(N'2025-06-14T02:32:08.5333330' AS DateTime2))
INSERT [dbo].[Xe] ([BienSoXe], [MaLoaiXe], [MaNV], [MaSV], [TenXe], [CreatedDate]) VALUES (N'29B-99999 ', N'LX002     ', N'NV06      ', NULL, N'VinFast Lux A2.0', CAST(N'2025-06-14T02:31:57.2833330' AS DateTime2))
INSERT [dbo].[Xe] ([BienSoXe], [MaLoaiXe], [MaNV], [MaSV], [TenXe], [CreatedDate]) VALUES (N'29N-0005  ', N'LX002     ', N'NV05      ', NULL, N'', CAST(N'2025-06-14T15:43:54.6817210' AS DateTime2))
INSERT [dbo].[Xe] ([BienSoXe], [MaLoaiXe], [MaNV], [MaSV], [TenXe], [CreatedDate]) VALUES (N'29X1-0052 ', N'LX001     ', N'NV03      ', NULL, N'Mazda 3', CAST(N'2025-06-14T16:03:35.3960450' AS DateTime2))
INSERT [dbo].[Xe] ([BienSoXe], [MaLoaiXe], [MaNV], [MaSV], [TenXe], [CreatedDate]) VALUES (N'29X1-8888 ', N'LX002     ', N'NV06      ', NULL, N'Mazda CX-5', CAST(N'2025-06-14T02:31:57.2833330' AS DateTime2))
INSERT [dbo].[Xe] ([BienSoXe], [MaLoaiXe], [MaNV], [MaSV], [TenXe], [CreatedDate]) VALUES (N'30A-123.45', N'LX002     ', NULL, N'SV004     ', N'Mazda 3', CAST(N'2025-06-14T18:13:28.7127020' AS DateTime2))
INSERT [dbo].[Xe] ([BienSoXe], [MaLoaiXe], [MaNV], [MaSV], [TenXe], [CreatedDate]) VALUES (N'30E-12345 ', N'LX002     ', N'NV03      ', NULL, N'Kia Morning', CAST(N'2025-06-14T02:32:08.5333330' AS DateTime2))
INSERT [dbo].[Xe] ([BienSoXe], [MaLoaiXe], [MaNV], [MaSV], [TenXe], [CreatedDate]) VALUES (N'30F-00301 ', N'LX001     ', NULL, N'SV003     ', N'Exciter 150', CAST(N'2025-06-14T02:31:18.1600000' AS DateTime2))
INSERT [dbo].[Xe] ([BienSoXe], [MaLoaiXe], [MaNV], [MaSV], [TenXe], [CreatedDate]) VALUES (N'30F-00302 ', N'LX001     ', NULL, N'SV003     ', N'Winner X', CAST(N'2025-06-14T02:31:18.1600000' AS DateTime2))
INSERT [dbo].[Xe] ([BienSoXe], [MaLoaiXe], [MaNV], [MaSV], [TenXe], [CreatedDate]) VALUES (N'30F-00303 ', N'LX001     ', NULL, N'SV003     ', N'Wave Alpha', CAST(N'2025-06-14T02:31:18.1600000' AS DateTime2))
GO
SET ANSI_PADDING ON
GO
/****** Object:  Index [UQ__BangGia__07C57D0C26D40046]    Script Date: 14/06/2025 04:17:42 ******/
ALTER TABLE [dbo].[BangGia] ADD UNIQUE NONCLUSTERED 
(
	[MaHinhThuc] ASC,
	[MaLoaiXe] ASC
)WITH (PAD_INDEX = OFF, STATISTICS_NORECOMPUTE = OFF, SORT_IN_TEMPDB = OFF, IGNORE_DUP_KEY = OFF, ONLINE = OFF, ALLOW_ROW_LOCKS = ON, ALLOW_PAGE_LOCKS = ON, OPTIMIZE_FOR_SEQUENTIAL_KEY = OFF) ON [PRIMARY]
GO
SET ANSI_PADDING ON
GO
/****** Object:  Index [UQ__HinhThuc__C81FB561A27BDF5B]    Script Date: 14/06/2025 04:17:42 ******/
ALTER TABLE [dbo].[HinhThucGuiXe] ADD UNIQUE NONCLUSTERED 
(
	[TenHinhThuc] ASC
)WITH (PAD_INDEX = OFF, STATISTICS_NORECOMPUTE = OFF, SORT_IN_TEMPDB = OFF, IGNORE_DUP_KEY = OFF, ONLINE = OFF, ALLOW_ROW_LOCKS = ON, ALLOW_PAGE_LOCKS = ON, OPTIMIZE_FOR_SEQUENTIAL_KEY = OFF) ON [PRIMARY]
GO
SET ANSI_PADDING ON
GO
/****** Object:  Index [UQ__LoaiXe__F434AC35A8F31C4B]    Script Date: 14/06/2025 04:17:42 ******/
ALTER TABLE [dbo].[LoaiXe] ADD UNIQUE NONCLUSTERED 
(
	[TenLoaiXe] ASC
)WITH (PAD_INDEX = OFF, STATISTICS_NORECOMPUTE = OFF, SORT_IN_TEMPDB = OFF, IGNORE_DUP_KEY = OFF, ONLINE = OFF, ALLOW_ROW_LOCKS = ON, ALLOW_PAGE_LOCKS = ON, OPTIMIZE_FOR_SEQUENTIAL_KEY = OFF) ON [PRIMARY]
GO
SET ANSI_PADDING ON
GO
/****** Object:  Index [UQ__Lop__E100BDB7970B0CCD]    Script Date: 14/06/2025 04:17:42 ******/
ALTER TABLE [dbo].[Lop] ADD UNIQUE NONCLUSTERED 
(
	[TENLOP] ASC
)WITH (PAD_INDEX = OFF, STATISTICS_NORECOMPUTE = OFF, SORT_IN_TEMPDB = OFF, IGNORE_DUP_KEY = OFF, ONLINE = OFF, ALLOW_ROW_LOCKS = ON, ALLOW_PAGE_LOCKS = ON, OPTIMIZE_FOR_SEQUENTIAL_KEY = OFF) ON [PRIMARY]
GO
SET ANSI_PADDING ON
GO
/****** Object:  Index [UQ__NhanVien__A955A0AA14002CB7]    Script Date: 14/06/2025 04:17:42 ******/
ALTER TABLE [dbo].[NhanVien] ADD UNIQUE NONCLUSTERED 
(
	[CCCD] ASC
)WITH (PAD_INDEX = OFF, STATISTICS_NORECOMPUTE = OFF, SORT_IN_TEMPDB = OFF, IGNORE_DUP_KEY = OFF, ONLINE = OFF, ALLOW_ROW_LOCKS = ON, ALLOW_PAGE_LOCKS = ON, OPTIMIZE_FOR_SEQUENTIAL_KEY = OFF) ON [PRIMARY]
GO
SET ANSI_PADDING ON
GO
/****** Object:  Index [UQ__NhanVien__A9D1053411AAA3EC]    Script Date: 14/06/2025 04:17:42 ******/
ALTER TABLE [dbo].[NhanVien] ADD UNIQUE NONCLUSTERED 
(
	[Email] ASC
)WITH (PAD_INDEX = OFF, STATISTICS_NORECOMPUTE = OFF, SORT_IN_TEMPDB = OFF, IGNORE_DUP_KEY = OFF, ONLINE = OFF, ALLOW_ROW_LOCKS = ON, ALLOW_PAGE_LOCKS = ON, OPTIMIZE_FOR_SEQUENTIAL_KEY = OFF) ON [PRIMARY]
GO
SET ANSI_PADDING ON
GO
/****** Object:  Index [UQ__NhanVien__CA1930A5DD65B1B6]    Script Date: 14/06/2025 04:17:42 ******/
ALTER TABLE [dbo].[NhanVien] ADD UNIQUE NONCLUSTERED 
(
	[SDT] ASC
)WITH (PAD_INDEX = OFF, STATISTICS_NORECOMPUTE = OFF, SORT_IN_TEMPDB = OFF, IGNORE_DUP_KEY = OFF, ONLINE = OFF, ALLOW_ROW_LOCKS = ON, ALLOW_PAGE_LOCKS = ON, OPTIMIZE_FOR_SEQUENTIAL_KEY = OFF) ON [PRIMARY]
GO
SET ANSI_PADDING ON
GO
/****** Object:  Index [UQ__Roles__8A2B6160CFFD74F8]    Script Date: 14/06/2025 04:17:42 ******/
ALTER TABLE [dbo].[Roles] ADD UNIQUE NONCLUSTERED 
(
	[RoleName] ASC
)WITH (PAD_INDEX = OFF, STATISTICS_NORECOMPUTE = OFF, SORT_IN_TEMPDB = OFF, IGNORE_DUP_KEY = OFF, ONLINE = OFF, ALLOW_ROW_LOCKS = ON, ALLOW_PAGE_LOCKS = ON, OPTIMIZE_FOR_SEQUENTIAL_KEY = OFF) ON [PRIMARY]
GO
SET ANSI_PADDING ON
GO
/****** Object:  Index [UK__SinhVien__Email]    Script Date: 14/06/2025 04:17:42 ******/
ALTER TABLE [dbo].[SinhVien] ADD  CONSTRAINT [UK__SinhVien__Email] UNIQUE NONCLUSTERED 
(
	[Email] ASC
)WITH (PAD_INDEX = OFF, STATISTICS_NORECOMPUTE = OFF, SORT_IN_TEMPDB = OFF, IGNORE_DUP_KEY = OFF, ONLINE = OFF, ALLOW_ROW_LOCKS = ON, ALLOW_PAGE_LOCKS = ON, OPTIMIZE_FOR_SEQUENTIAL_KEY = OFF) ON [PRIMARY]
GO
SET ANSI_PADDING ON
GO
/****** Object:  Index [UK__SinhVien__SDT]    Script Date: 14/06/2025 04:17:42 ******/
ALTER TABLE [dbo].[SinhVien] ADD  CONSTRAINT [UK__SinhVien__SDT] UNIQUE NONCLUSTERED 
(
	[SDT] ASC
)WITH (PAD_INDEX = OFF, STATISTICS_NORECOMPUTE = OFF, SORT_IN_TEMPDB = OFF, IGNORE_DUP_KEY = OFF, ONLINE = OFF, ALLOW_ROW_LOCKS = ON, ALLOW_PAGE_LOCKS = ON, OPTIMIZE_FOR_SEQUENTIAL_KEY = OFF) ON [PRIMARY]
GO
SET ANSI_PADDING ON
GO
/****** Object:  Index [SPRING_SESSION_IX1]    Script Date: 14/06/2025 04:17:42 ******/
CREATE UNIQUE NONCLUSTERED INDEX [SPRING_SESSION_IX1] ON [dbo].[SPRING_SESSION]
(
	[SESSION_ID] ASC
)WITH (PAD_INDEX = OFF, STATISTICS_NORECOMPUTE = OFF, SORT_IN_TEMPDB = OFF, IGNORE_DUP_KEY = OFF, DROP_EXISTING = OFF, ONLINE = OFF, ALLOW_ROW_LOCKS = ON, ALLOW_PAGE_LOCKS = ON, OPTIMIZE_FOR_SEQUENTIAL_KEY = OFF) ON [PRIMARY]
GO
/****** Object:  Index [SPRING_SESSION_IX2]    Script Date: 14/06/2025 04:17:42 ******/
CREATE NONCLUSTERED INDEX [SPRING_SESSION_IX2] ON [dbo].[SPRING_SESSION]
(
	[EXPIRY_TIME] ASC
)WITH (PAD_INDEX = OFF, STATISTICS_NORECOMPUTE = OFF, SORT_IN_TEMPDB = OFF, DROP_EXISTING = OFF, ONLINE = OFF, ALLOW_ROW_LOCKS = ON, ALLOW_PAGE_LOCKS = ON, OPTIMIZE_FOR_SEQUENTIAL_KEY = OFF) ON [PRIMARY]
GO
SET ANSI_PADDING ON
GO
/****** Object:  Index [SPRING_SESSION_IX3]    Script Date: 14/06/2025 04:17:42 ******/
CREATE NONCLUSTERED INDEX [SPRING_SESSION_IX3] ON [dbo].[SPRING_SESSION]
(
	[PRINCIPAL_NAME] ASC
)WITH (PAD_INDEX = OFF, STATISTICS_NORECOMPUTE = OFF, SORT_IN_TEMPDB = OFF, DROP_EXISTING = OFF, ONLINE = OFF, ALLOW_ROW_LOCKS = ON, ALLOW_PAGE_LOCKS = ON, OPTIMIZE_FOR_SEQUENTIAL_KEY = OFF) ON [PRIMARY]
GO
SET ANSI_PADDING ON
GO
/****** Object:  Index [UQ_MaSV]    Script Date: 14/06/2025 04:17:42 ******/
CREATE UNIQUE NONCLUSTERED INDEX [UQ_MaSV] ON [dbo].[TaiKhoan]
(
	[MaSV] ASC
)
WHERE ([MaSV] IS NOT NULL)
WITH (PAD_INDEX = OFF, STATISTICS_NORECOMPUTE = OFF, SORT_IN_TEMPDB = OFF, IGNORE_DUP_KEY = OFF, DROP_EXISTING = OFF, ONLINE = OFF, ALLOW_ROW_LOCKS = ON, ALLOW_PAGE_LOCKS = ON, OPTIMIZE_FOR_SEQUENTIAL_KEY = OFF) ON [PRIMARY]
GO
ALTER TABLE [dbo].[TaiKhoan] ADD  DEFAULT ((1)) FOR [Enabled]
GO
ALTER TABLE [dbo].[Xe] ADD  DEFAULT (N'') FOR [TenXe]
GO
ALTER TABLE [dbo].[BaiDo]  WITH CHECK ADD  CONSTRAINT [FK_BaiDo_LoaiXe] FOREIGN KEY([MaLoaiXe])
REFERENCES [dbo].[LoaiXe] ([MaLoaiXe])
GO
ALTER TABLE [dbo].[BaiDo] CHECK CONSTRAINT [FK_BaiDo_LoaiXe]
GO
ALTER TABLE [dbo].[BangGia]  WITH CHECK ADD  CONSTRAINT [FK__BangGia__MaHinhT__4AB81AF0] FOREIGN KEY([MaHinhThuc])
REFERENCES [dbo].[HinhThucGuiXe] ([MaHinhThuc])
ON UPDATE CASCADE
GO
ALTER TABLE [dbo].[BangGia] CHECK CONSTRAINT [FK__BangGia__MaHinhT__4AB81AF0]
GO
ALTER TABLE [dbo].[BangGia]  WITH CHECK ADD  CONSTRAINT [FK__BangGia__MaLoaiX__4BAC3F29] FOREIGN KEY([MaLoaiXe])
REFERENCES [dbo].[LoaiXe] ([MaLoaiXe])
ON UPDATE CASCADE
GO
ALTER TABLE [dbo].[BangGia] CHECK CONSTRAINT [FK__BangGia__MaLoaiX__4BAC3F29]
GO
ALTER TABLE [dbo].[ChiTietVaoRa]  WITH CHECK ADD  CONSTRAINT [FK__ChiTietVa__BienS__52593CB8] FOREIGN KEY([BienSoXe])
REFERENCES [dbo].[Xe] ([BienSoXe])
ON UPDATE CASCADE
GO
ALTER TABLE [dbo].[ChiTietVaoRa] CHECK CONSTRAINT [FK__ChiTietVa__BienS__52593CB8]
GO
ALTER TABLE [dbo].[ChiTietVaoRa]  WITH CHECK ADD  CONSTRAINT [FK__ChiTietVa__HinhT__5535A963] FOREIGN KEY([HinhThuc])
REFERENCES [dbo].[HinhThucGuiXe] ([MaHinhThuc])
ON UPDATE CASCADE
GO
ALTER TABLE [dbo].[ChiTietVaoRa] CHECK CONSTRAINT [FK__ChiTietVa__HinhT__5535A963]
GO
ALTER TABLE [dbo].[ChiTietVaoRa]  WITH CHECK ADD  CONSTRAINT [FK__ChiTietVa__NVVao__534D60F1] FOREIGN KEY([NVVao])
REFERENCES [dbo].[NhanVien] ([MaNV])
GO
ALTER TABLE [dbo].[ChiTietVaoRa] CHECK CONSTRAINT [FK__ChiTietVa__NVVao__534D60F1]
GO
ALTER TABLE [dbo].[ChiTietVaoRa]  WITH CHECK ADD  CONSTRAINT [FK__ChiTietVao__NVRa__5441852A] FOREIGN KEY([NVRa])
REFERENCES [dbo].[NhanVien] ([MaNV])
GO
ALTER TABLE [dbo].[ChiTietVaoRa] CHECK CONSTRAINT [FK__ChiTietVao__NVRa__5441852A]
GO
ALTER TABLE [dbo].[DangKyThang]  WITH CHECK ADD  CONSTRAINT [FK_DangKyThang_BangGia] FOREIGN KEY([MaBangGia])
REFERENCES [dbo].[BangGia] ([MaBangGia])
GO
ALTER TABLE [dbo].[DangKyThang] CHECK CONSTRAINT [FK_DangKyThang_BangGia]
GO
ALTER TABLE [dbo].[DangKyThang]  WITH CHECK ADD  CONSTRAINT [FK_DangKyThang_NhanVien] FOREIGN KEY([MaNV])
REFERENCES [dbo].[NhanVien] ([MaNV])
GO
ALTER TABLE [dbo].[DangKyThang] CHECK CONSTRAINT [FK_DangKyThang_NhanVien]
GO
ALTER TABLE [dbo].[DangKyThang]  WITH CHECK ADD  CONSTRAINT [FK_DangKyThang_Xe] FOREIGN KEY([BienSoXe])
REFERENCES [dbo].[Xe] ([BienSoXe])
GO
ALTER TABLE [dbo].[DangKyThang] CHECK CONSTRAINT [FK_DangKyThang_Xe]
GO
ALTER TABLE [dbo].[SinhVien]  WITH CHECK ADD  CONSTRAINT [FK_SinhVien_Lop] FOREIGN KEY([MaLop])
REFERENCES [dbo].[Lop] ([MALOP])
GO
ALTER TABLE [dbo].[SinhVien] CHECK CONSTRAINT [FK_SinhVien_Lop]
GO
ALTER TABLE [dbo].[SPRING_SESSION_ATTRIBUTES]  WITH CHECK ADD  CONSTRAINT [SPRING_SESSION_ATTRIBUTES_FK] FOREIGN KEY([SESSION_PRIMARY_ID])
REFERENCES [dbo].[SPRING_SESSION] ([PRIMARY_ID])
ON DELETE CASCADE
GO
ALTER TABLE [dbo].[SPRING_SESSION_ATTRIBUTES] CHECK CONSTRAINT [SPRING_SESSION_ATTRIBUTES_FK]
GO
ALTER TABLE [dbo].[TaiKhoan]  WITH CHECK ADD FOREIGN KEY([MaNV])
REFERENCES [dbo].[NhanVien] ([MaNV])
GO
ALTER TABLE [dbo].[TaiKhoan]  WITH CHECK ADD FOREIGN KEY([MaSV])
REFERENCES [dbo].[SinhVien] ([MaSV])
GO
ALTER TABLE [dbo].[TaiKhoan]  WITH CHECK ADD FOREIGN KEY([RoleID])
REFERENCES [dbo].[Roles] ([RoleID])
GO
ALTER TABLE [dbo].[Xe]  WITH CHECK ADD  CONSTRAINT [FK__Xe__MaLoaiXe__3E52440B] FOREIGN KEY([MaLoaiXe])
REFERENCES [dbo].[LoaiXe] ([MaLoaiXe])
ON UPDATE CASCADE
GO
ALTER TABLE [dbo].[Xe] CHECK CONSTRAINT [FK__Xe__MaLoaiXe__3E52440B]
GO
ALTER TABLE [dbo].[Xe]  WITH CHECK ADD  CONSTRAINT [FK_Xe_NhanVien] FOREIGN KEY([MaNV])
REFERENCES [dbo].[NhanVien] ([MaNV])
ON UPDATE CASCADE
GO
ALTER TABLE [dbo].[Xe] CHECK CONSTRAINT [FK_Xe_NhanVien]
GO
ALTER TABLE [dbo].[Xe]  WITH CHECK ADD  CONSTRAINT [FK_Xe_SinhVien] FOREIGN KEY([MaSV])
REFERENCES [dbo].[SinhVien] ([MaSV])
ON UPDATE CASCADE
GO
ALTER TABLE [dbo].[Xe] CHECK CONSTRAINT [FK_Xe_SinhVien]
GO
ALTER TABLE [dbo].[DangKyThang]  WITH CHECK ADD  CONSTRAINT [CHK_DangKyThang_TrangThai] CHECK  (([TrangThai]=N'Hết hạn' OR [TrangThai]=N'Từ chối' OR [TrangThai]=N'Đã duyệt' OR [TrangThai]=N'Chờ duyệt'))
GO
ALTER TABLE [dbo].[DangKyThang] CHECK CONSTRAINT [CHK_DangKyThang_TrangThai]
GO
ALTER TABLE [dbo].[TaiKhoan]  WITH CHECK ADD  CONSTRAINT [CHK_One_Role] CHECK  (([MaSV] IS NOT NULL AND [MaNV] IS NULL OR [MaSV] IS NULL AND [MaNV] IS NOT NULL))
GO
ALTER TABLE [dbo].[TaiKhoan] CHECK CONSTRAINT [CHK_One_Role]
GO
ALTER TABLE [dbo].[Xe]  WITH CHECK ADD  CONSTRAINT [CHK_ChuXe] CHECK  (([MaNV] IS NOT NULL AND [MaSV] IS NULL OR [MaNV] IS NULL AND [MaSV] IS NOT NULL))
GO
ALTER TABLE [dbo].[Xe] CHECK CONSTRAINT [CHK_ChuXe]
GO
USE [master]
GO
ALTER DATABASE [QLBAIGUIXE] SET  READ_WRITE 
GO
